href,get_text
#bodyContent,Saltar para o conteúdo
/wiki/Wikip%C3%A9dia:P%C3%A1gina_principal,Página principal
/wiki/Portal:Conte%C3%BAdo_destacado,Conteúdo destacado
/wiki/Portal:Eventos_atuais,Eventos atuais
/wiki/Wikip%C3%A9dia:Esplanada,Esplanada
/wiki/Especial:Aleat%C3%B3ria,Página aleatória
/wiki/Portal:%C3%8Dndice,Portais
/wiki/Wikip%C3%A9dia:Informe_um_erro,Informar um erro
/wiki/Wikip%C3%A9dia:Boas-vindas,Boas-vindas
/wiki/Ajuda:P%C3%A1gina_principal,Ajuda
/wiki/Ajuda:P%C3%A1gina_de_testes,Página de testes
/wiki/Wikip%C3%A9dia:Portal_comunit%C3%A1rio,Portal comunitário
/wiki/Especial:Mudan%C3%A7as_recentes,Mudanças recentes
/wiki/Wikip%C3%A9dia:Manuten%C3%A7%C3%A3o,Manutenção
/wiki/Ajuda:Guia_de_edi%C3%A7%C3%A3o/Como_come%C3%A7ar_uma_p%C3%A1gina,Criar página
/wiki/Especial:P%C3%A1ginas_novas,Páginas novas
/wiki/Wikip%C3%A9dia:Contato,Contato
//donate.wikimedia.org/wiki/Special:FundraiserRedirector?utm_source=donate&utm_medium=sidebar&utm_campaign=20120521SB001&uselang=pt,Donativos
#p-lang-btn,parte superior da página, em frente ao título do artigo
/wiki/Wikip%C3%A9dia:P%C3%A1gina_principal,






/wiki/Especial:Pesquisar,
Busca

/w/index.php?title=Especial:Criar_conta&returnto=Python,Criar uma conta
/w/index.php?title=Especial:Entrar&returnto=Python,Entrar
/w/index.php?title=Especial:Criar_conta&returnto=Python, Criar uma conta
/w/index.php?title=Especial:Entrar&returnto=Python, Entrar
/wiki/Ajuda:Introduction,saber mais
/wiki/Especial:Minhas_contribui%C3%A7%C3%B5es,Contribuições
/wiki/Especial:Minha_discuss%C3%A3o,Discussão
#,
Início

#História,

1História

#Filosofia,

2Filosofia

#Sintaxe_e_semântica,

3Sintaxe e semântica

#Construções,

3.1Construções

#Tipos_de_dados,

3.2Tipos de dados

#Palavras_reservadas,

3.3Palavras reservadas

#Operadores,

3.4Operadores

#Interpretador_interativo,

3.5Interpretador interativo

#Análise_léxica,

3.6Análise léxica

#Indentação,

3.6.1Indentação

#Compilador_de_bytecode,

3.7Compilador de bytecode

#Orientação_a_objetos,

3.8Orientação a objetos

#Programação_funcional,

3.9Programação funcional

#Tratamento_de_exceções,

3.10Tratamento de exceções

#Biblioteca_padrão,

3.11Biblioteca padrão

#Interoperabilidade,

3.12Interoperabilidade

#Comentários,

3.13Comentários

#Plataformas_disponíveis,

4Plataformas disponíveis

#Implementações,

5Implementações

#Desenvolvimento,

6Desenvolvimento

#Licença,

7Licença

#Módulos_e_frameworks,

8Módulos e frameworks

#Interfaces_gráficas,

8.1Interfaces gráficas

#Ambientes_de_desenvolvimento_integrado,

9Ambientes de desenvolvimento integrado

#Aplicações,

10Aplicações

#Ver_também,

11Ver também

#Referências,

12Referências

#Bibliografia,

13Bibliografia

#Ligações_externas,

14Ligações externas

https://af.wikipedia.org/wiki/Python_(programmeertaal),Afrikaans
https://als.wikipedia.org/wiki/Python_(Programmiersprache),Alemannisch
https://an.wikipedia.org/wiki/Python,Aragonés
https://ar.wikipedia.org/wiki/%D8%A8%D8%A7%D9%8A%D8%AB%D9%88%D9%86_(%D9%84%D8%BA%D8%A9_%D8%A8%D8%B1%D9%85%D8%AC%D8%A9),العربية
https://as.wikipedia.org/wiki/%E0%A6%AA%E0%A6%BE%E0%A6%87%E0%A6%A5%E0%A6%A8,অসমীয়া
https://ast.wikipedia.org/wiki/Python,Asturianu
https://az.wikipedia.org/wiki/Python_(proqramla%C5%9Fd%C4%B1rma_dili),Azərbaycanca
https://azb.wikipedia.org/wiki/%D9%BE%D8%A7%DB%8C%D8%AA%D9%88%D9%86,تۆرکجه
https://ban.wikipedia.org/wiki/Python,Basa Bali
https://be.wikipedia.org/wiki/Python_(%D0%BC%D0%BE%D0%B2%D0%B0_%D0%BF%D1%80%D0%B0%D0%B3%D1%80%D0%B0%D0%BC%D0%B0%D0%B2%D0%B0%D0%BD%D0%BD%D1%8F),Беларуская
https://bg.wikipedia.org/wiki/Python,Български
https://bh.wikipedia.org/wiki/%E0%A4%AA%E0%A4%BE%E0%A4%87%E0%A4%A5%E0%A4%A8,भोजपुरी
https://bn.wikipedia.org/wiki/%E0%A6%AA%E0%A6%BE%E0%A6%87%E0%A6%A5%E0%A6%A8_(%E0%A6%AA%E0%A7%8D%E0%A6%B0%E0%A7%8B%E0%A6%97%E0%A7%8D%E0%A6%B0%E0%A6%BE%E0%A6%AE%E0%A6%BF%E0%A6%82_%E0%A6%AD%E0%A6%BE%E0%A6%B7%E0%A6%BE),বাংলা
https://br.wikipedia.org/wiki/Python_(lavar_programmi%C3%B1),Brezhoneg
https://bs.wikipedia.org/wiki/Python_(programski_jezik),Bosanski
https://bug.wikipedia.org/wiki/Python,Basa Ugi
https://ca.wikipedia.org/wiki/Python,Català
https://ceb.wikipedia.org/wiki/Python_(programming_language),Cebuano
https://ckb.wikipedia.org/wiki/%D9%BE%D8%A7%DB%8C%D8%AA%DB%86%D9%86_(%D8%B2%D9%85%D8%A7%D9%86%DB%8C_%D8%A8%DB%95%D8%B1%D9%86%D8%A7%D9%85%DB%95%D8%B3%D8%A7%D8%B2%DB%8C),کوردی
https://cs.wikipedia.org/wiki/Python,Čeština
https://cy.wikipedia.org/wiki/Python_(iaith_raglennu),Cymraeg
https://da.wikipedia.org/wiki/Python_(programmeringssprog),Dansk
https://de.wikipedia.org/wiki/Python_(Programmiersprache),Deutsch
https://el.wikipedia.org/wiki/Python,Ελληνικά
https://en.wikipedia.org/wiki/Python_(programming_language),English
https://eo.wikipedia.org/wiki/Python_(programlingvo),Esperanto
https://es.wikipedia.org/wiki/Python,Español
https://et.wikipedia.org/wiki/Python_(programmeerimiskeel),Eesti
https://eu.wikipedia.org/wiki/Python_(informatika),Euskara
https://fa.wikipedia.org/wiki/%D9%BE%D8%A7%DB%8C%D8%AA%D9%88%D9%86_(%D8%B2%D8%A8%D8%A7%D9%86_%D8%A8%D8%B1%D9%86%D8%A7%D9%85%D9%87%E2%80%8C%D9%86%D9%88%DB%8C%D8%B3%DB%8C),فارسی
https://fi.wikipedia.org/wiki/Python_(ohjelmointikieli),Suomi
https://fj.wikipedia.org/wiki/Python,Na Vosa Vakaviti
https://fr.wikipedia.org/wiki/Python_(langage),Français
https://gl.wikipedia.org/wiki/Python,Galego
https://gu.wikipedia.org/wiki/%E0%AA%AA%E0%AA%BE%E0%AA%AF%E0%AA%A5%E0%AB%8B%E0%AA%A8(%E0%AA%AA%E0%AB%8D%E0%AA%B0%E0%AB%8B%E0%AA%97%E0%AB%8D%E0%AA%B0%E0%AA%BE%E0%AA%AE%E0%AA%BF%E0%AA%82%E0%AA%97_%E0%AA%AD%E0%AA%BE%E0%AA%B7%E0%AA%BE),ગુજરાતી
https://he.wikipedia.org/wiki/%D7%A4%D7%99%D7%99%D7%AA%D7%95%D7%9F,עברית
https://hi.wikipedia.org/wiki/%E0%A4%AA%E0%A4%BE%E0%A4%87%E0%A4%A5%E0%A4%A8,हिन्दी
https://hr.wikipedia.org/wiki/Python_(programski_jezik),Hrvatski
https://hu.wikipedia.org/wiki/Python_(programoz%C3%A1si_nyelv),Magyar
https://hy.wikipedia.org/wiki/Python,Հայերեն
https://ia.wikipedia.org/wiki/Python_(linguage_de_programmation),Interlingua
https://id.wikipedia.org/wiki/Python_(bahasa_pemrograman),Bahasa Indonesia
https://io.wikipedia.org/wiki/Python,Ido
https://is.wikipedia.org/wiki/Python_(forritunarm%C3%A1l),Íslenska
https://it.wikipedia.org/wiki/Python,Italiano
https://ja.wikipedia.org/wiki/Python,日本語
https://jbo.wikipedia.org/wiki/paiton,La .lojban.
https://ka.wikipedia.org/wiki/%E1%83%9E%E1%83%90%E1%83%98%E1%83%97%E1%83%9D%E1%83%9C%E1%83%98_(%E1%83%9E%E1%83%A0%E1%83%9D%E1%83%92%E1%83%A0%E1%83%90%E1%83%9B%E1%83%98%E1%83%A0%E1%83%94%E1%83%91%E1%83%98%E1%83%A1_%E1%83%94%E1%83%9C%E1%83%90),ქართული
https://kk.wikipedia.org/wiki/Python,Қазақша
https://km.wikipedia.org/wiki/%E1%9E%95%E1%9E%B6%E1%9E%99%E1%9E%90%E1%9E%BB%E1%9E%93,ភាសាខ្មែរ
https://ko.wikipedia.org/wiki/%ED%8C%8C%EC%9D%B4%EC%8D%AC,한국어
https://ku.wikipedia.org/wiki/Python_(ziman%C3%AA_bernamesaziy%C3%AA),Kurdî
https://ky.wikipedia.org/wiki/Python,Кыргызча
https://la.wikipedia.org/wiki/Python_(lingua_programmandi),Latina
https://lmo.wikipedia.org/wiki/Python,Lombard
https://lt.wikipedia.org/wiki/Python,Lietuvių
https://lv.wikipedia.org/wiki/Python_(programm%C4%93%C5%A1anas_valoda),Latviešu
https://mk.wikipedia.org/wiki/%D0%9F%D0%B0%D1%98%D1%82%D0%BE%D0%BD_(%D0%BF%D1%80%D0%BE%D0%B3%D1%80%D0%B0%D0%BC%D1%81%D0%BA%D0%B8_%D1%98%D0%B0%D0%B7%D0%B8%D0%BA),Македонски
https://ml.wikipedia.org/wiki/%E0%B4%AA%E0%B5%88%E0%B4%A4%E0%B5%8D%E0%B4%A4%E0%B5%BA_(%E0%B4%AA%E0%B5%8D%E0%B4%B0%E0%B5%8B%E0%B4%97%E0%B5%8D%E0%B4%B0%E0%B4%BE%E0%B4%AE%E0%B4%BF%E0%B4%99%E0%B5%8D%E0%B4%99%E0%B5%8D_%E0%B4%AD%E0%B4%BE%E0%B4%B7),മലയാളം
https://mn.wikipedia.org/wiki/Python,Монгол
https://mr.wikipedia.org/wiki/%E0%A4%AA%E0%A4%BE%E0%A4%AF%E0%A4%A5%E0%A5%89%E0%A4%A8,मराठी
https://ms.wikipedia.org/wiki/Python,Bahasa Melayu
https://my.wikipedia.org/wiki/Python_(programming_language),မြန်မာဘာသာ
https://nds.wikipedia.org/wiki/Python_(Programmeerspraak),Plattdüütsch
https://nl.wikipedia.org/wiki/Python_(programmeertaal),Nederlands
https://nn.wikipedia.org/wiki/Python,Norsk nynorsk
https://no.wikipedia.org/wiki/Python,Norsk bokmål
https://nqo.wikipedia.org/wiki/%DF%94%DF%8A%DF%8C%DF%95%DF%90%DF%B2%DF%AC,ߒߞߏ
https://or.wikipedia.org/wiki/%E0%AC%AA%E0%AC%BE%E0%AC%87%E0%AC%A5%E0%AC%A8%E0%AD%8D_(%E0%AC%AA%E0%AD%8D%E0%AC%B0%E0%AD%8B%E0%AC%97%E0%AD%8D%E0%AC%B0%E0%AC%BE%E0%AC%AE%E0%AC%BF%E0%AC%82_%E0%AC%AD%E0%AC%BE%E0%AC%B7%E0%AC%BE),ଓଡ଼ିଆ
https://pa.wikipedia.org/wiki/%E0%A8%AA%E0%A8%BE%E0%A8%88%E0%A8%A5%E0%A8%A8_(%E0%A8%AA%E0%A9%8D%E0%A8%B0%E0%A9%8B%E0%A8%97%E0%A8%B0%E0%A8%BE%E0%A8%AE%E0%A8%BF%E0%A9%B0%E0%A8%97_%E0%A8%AD%E0%A8%BE%E0%A8%B8%E0%A8%BC%E0%A8%BE),ਪੰਜਾਬੀ
https://pl.wikipedia.org/wiki/Python,Polski
https://pnb.wikipedia.org/wiki/%D9%BE%D8%A7%D8%A6%DB%8C%D8%AA%DA%BE%D9%86_(%DA%A9%D9%85%D9%BE%DB%8C%D9%88%D9%B9%D8%B1_%D8%A8%D9%88%D9%84%DB%8C),پنجابی
https://qu.wikipedia.org/wiki/Python,Runa Simi
https://ro.wikipedia.org/wiki/Python,Română
https://ru.wikipedia.org/wiki/Python,Русский
https://sah.wikipedia.org/wiki/Python,Саха тыла
https://sat.wikipedia.org/wiki/%E1%B1%AF%E1%B1%9F%E1%B1%AD%E1%B1%9B%E1%B1%B7%E1%B1%9A%E1%B1%B1(%E1%B1%AF%E1%B1%A8%E1%B1%B3%E1%B1%9C%E1%B1%BD%E1%B1%A8%E1%B1%9F%E1%B1%A2%E1%B1%A4%E1%B1%9D_%E1%B1%AF%E1%B1%9F%E1%B1%B9%E1%B1%A8%E1%B1%A5%E1%B1%A4),ᱥᱟᱱᱛᱟᱲᱤ
https://sco.wikipedia.org/wiki/Python_(programmin_leid),Scots
https://sh.wikipedia.org/wiki/Python_programski_jezik,Srpskohrvatski / српскохрватски
https://shn.wikipedia.org/wiki/Python_(programming_language),ၽႃႇသႃႇတႆး 
https://si.wikipedia.org/wiki/%E0%B6%B4%E0%B6%BA%E0%B7%92%E0%B6%AD%E0%B6%B1%E0%B7%8A,සිංහල
https://simple.wikipedia.org/wiki/Python_(programming_language),Simple English
https://sk.wikipedia.org/wiki/Python_(programovac%C3%AD_jazyk),Slovenčina
https://sl.wikipedia.org/wiki/Python_(programski_jezik),Slovenščina
https://sq.wikipedia.org/wiki/Python,Shqip
https://sr.wikipedia.org/wiki/Python_(%D0%BF%D1%80%D0%BE%D0%B3%D1%80%D0%B0%D0%BC%D1%81%D0%BA%D0%B8_%D1%98%D0%B5%D0%B7%D0%B8%D0%BA),Српски / srpski
https://sv.wikipedia.org/wiki/Python_(programspr%C3%A5k),Svenska
https://sw.wikipedia.org/wiki/Python_(Lugha_ya_programu),Kiswahili
https://ta.wikipedia.org/wiki/%E0%AE%AA%E0%AF%88%E0%AE%A4%E0%AF%8D%E0%AE%A4%E0%AE%BE%E0%AE%A9%E0%AF%8D,தமிழ்
https://te.wikipedia.org/wiki/%E0%B0%AA%E0%B1%88%E0%B0%A5%E0%B0%BE%E0%B0%A8%E0%B1%8D_(%E0%B0%95%E0%B0%82%E0%B0%AA%E0%B1%8D%E0%B0%AF%E0%B1%82%E0%B0%9F%E0%B0%B0%E0%B1%8D_%E0%B0%AD%E0%B0%BE%E0%B0%B7),తెలుగు
https://tg.wikipedia.org/wiki/Python,Тоҷикӣ
https://th.wikipedia.org/wiki/%E0%B9%84%E0%B8%9E%E0%B8%97%E0%B8%AD%E0%B8%99_(%E0%B8%A0%E0%B8%B2%E0%B8%A9%E0%B8%B2%E0%B9%82%E0%B8%9B%E0%B8%A3%E0%B9%81%E0%B8%81%E0%B8%A3%E0%B8%A1),ไทย
https://tl.wikipedia.org/wiki/Python_(wikang_pamprograma),Tagalog
https://tr.wikipedia.org/wiki/Python,Türkçe
https://tt.wikipedia.org/wiki/Python,Татарча / tatarça
https://ug.wikipedia.org/wiki/%D9%BE%D8%A7%D9%8A%D8%B3%D9%88%D9%86,ئۇيغۇرچە / Uyghurche
https://uk.wikipedia.org/wiki/Python,Українська
https://ur.wikipedia.org/wiki/%D9%BE%D8%A7%D8%A6%DB%8C%D8%AA%DA%BE%D9%86_(%D9%BE%D8%B1%D9%88%DA%AF%D8%B1%D8%A7%D9%85%D9%86%DA%AF_%D8%B2%D8%A8%D8%A7%D9%86),اردو
https://uz.wikipedia.org/wiki/Python,Oʻzbekcha / ўзбекча
https://vi.wikipedia.org/wiki/Python_(ng%C3%B4n_ng%E1%BB%AF_l%E1%BA%ADp_tr%C3%ACnh),Tiếng Việt
https://wa.wikipedia.org/wiki/Python_(lingaedje_%C3%A9ndjolike),Walon
https://war.wikipedia.org/wiki/Python_(programming_language),Winaray
https://wuu.wikipedia.org/wiki/Python,吴语
https://zh.wikipedia.org/wiki/Python,中文
https://zh-classical.wikipedia.org/wiki/%E7%9A%AE%E5%90%8C,文言
https://zh-min-nan.wikipedia.org/wiki/Python,Bân-lâm-gú
https://zh-yue.wikipedia.org/wiki/Python,粵語
https://www.wikidata.org/wiki/Special:EntityPage/Q28865#sitelinks-wikipedia,Editar hiperligações
/wiki/Python,Artigo
/wiki/Discuss%C3%A3o:Python,Discussão
/wiki/Python,Ler
/w/index.php?title=Python&veaction=edit,Editar
/w/index.php?title=Python&action=edit,Editar código-fonte
/w/index.php?title=Python&action=history,Ver histórico
/wiki/Python,Ler
/w/index.php?title=Python&veaction=edit,Editar
/w/index.php?title=Python&action=edit,Editar código-fonte
/w/index.php?title=Python&action=history,Ver histórico
/wiki/Especial:P%C3%A1ginas_afluentes/Python,Páginas afluentes
/wiki/Especial:Altera%C3%A7%C3%B5es_relacionadas/Python,Alterações relacionadas
/wiki/Wikipedia:Carregar_ficheiro,Carregar ficheiro
/wiki/Especial:P%C3%A1ginas_especiais,Páginas especiais
/w/index.php?title=Python&oldid=66325205,Hiperligação permanente
/w/index.php?title=Python&action=info,Informações da página
/w/index.php?title=Especial:Citar&page=Python&id=66325205&wpFormIdentifier=titleform,Citar esta página
https://www.wikidata.org/wiki/Special:EntityPage/Q28865,Elemento Wikidata
/w/index.php?title=Especial:Livro&bookcmd=book_creator&referer=Python,Criar um livro
/w/index.php?title=Especial:DownloadAsPdf&page=Python&action=show-download-screen,Descarregar como PDF
/w/index.php?title=Python&printable=yes,Versão para impressão
https://commons.wikimedia.org/wiki/Python_(programming_language),Wikimedia Commons
https://www.mediawiki.org/wiki/Python,MediaWiki
https://pt.wikibooks.org/wiki/Python,Wikilivros
https://pt.wikiquote.org/wiki/Python,Wikiquote
https://pt.wikiversity.org/wiki/Introdu%C3%A7%C3%A3o_%C3%A0s_Linguagens_de_Programa%C3%A7%C3%A3o/Python,Wikiversidade
/wiki/Python_(desambigua%C3%A7%C3%A3o),Python (desambiguação)
/wiki/Ficheiro:Python_logo_and_wordmark.svg,
/wiki/Paradigma_de_programa%C3%A7%C3%A3o,Paradigma
/wiki/Multiparadigma,Multiparadigma
/wiki/Orienta%C3%A7%C3%A3o_a_objetos,orientada a objetos
/wiki/Programa%C3%A7%C3%A3o_imperativa,imperativa
/wiki/Programa%C3%A7%C3%A3o_funcional,funcional
/wiki/20_de_fevereiro,20 de fevereiro
/wiki/1991,1991
#cite_note-svn-história-1,[1]
/wiki/Vers%C3%A3o,versão
#cite_note-2,[2]
/wiki/Guido_van_Rossum,Guido van Rossum
#cite_note-svn-história-1,[1]
/wiki/Tipo_de_dado,Estilo de tipagem
/wiki/Duck_typing,duck
/wiki/CPython,CPython
/wiki/IronPython,IronPython
/wiki/Jython,Jython
/wiki/PyPy,PyPy
/wiki/ABC_(linguagem_de_programa%C3%A7%C3%A3o),ABC
#cite_note-influências-3,[3]
/wiki/ALGOL_68,ALGOL 68
/wiki/C_(linguagem_de_programa%C3%A7%C3%A3o),C
#cite_note-influências-3,[3]
/wiki/Haskell_(linguagem_de_programa%C3%A7%C3%A3o),Haskell
/wiki/Icon_(linguagem_de_programa%C3%A7%C3%A3o),Icon
/wiki/Java_(linguagem_de_programa%C3%A7%C3%A3o),Java
/wiki/Lisp,Lisp
/wiki/Modula-3,Modula-3
#cite_note-influências-3,[3]
/wiki/Perl,Perl
/wiki/Smalltalk,Smalltalk
/wiki/Boo,Boo
/wiki/CoffeeScript,CoffeeScript
/wiki/D_(linguagem_de_programa%C3%A7%C3%A3o),D
/wiki/Fantom,Fantom
/wiki/Go_(linguagem_de_programa%C3%A7%C3%A3o),Go
/wiki/Groovy,Groovy
/wiki/JavaScript,JavaScript
/wiki/Julia_(linguagem_de_programa%C3%A7%C3%A3o),Julia
/wiki/Nim_(linguagem_de_programa%C3%A7%C3%A3o),Nim
/wiki/Py_(linguagem_de_programa%C3%A7%C3%A3o),Py
/wiki/Ruby_(linguagem_de_programa%C3%A7%C3%A3o),Ruby
/wiki/Squirrel,Squirrel
/wiki/Swift_(linguagem_de_programa%C3%A7%C3%A3o),Swift
/wiki/Licen%C3%A7a_de_software,Licença
#cite_note-license-4,[4]
/wiki/Extens%C3%A3o_de_nome_de_ficheiro,Extensão do arquivo
/wiki/Site,Página oficial
https://www.python.org/,www.python.org
/wiki/Linguagem_de_programa%C3%A7%C3%A3o_de_alto_n%C3%ADvel,linguagem de programação de alto nível
#cite_note-entrevista-venners-pt-1-5,[5]
/wiki/Linguagem_interpretada,interpretada
/wiki/Linguagem_de_script,script
/wiki/Programa%C3%A7%C3%A3o_imperativa,imperativa
/wiki/Orienta%C3%A7%C3%A3o_a_objetos,orientada a objetos
/wiki/Programa%C3%A7%C3%A3o_funcional,funcional
/wiki/Tipo_de_dado,tipagem
/wiki/Guido_van_Rossum,Guido van Rossum
/wiki/1991,1991
#cite_note-svn-história-1,[1]
/wiki/Organiza%C3%A7%C3%A3o_sem_fins_lucrativos,organização sem fins lucrativos
/wiki/Python_Software_Foundation,Python Software Foundation
/wiki/CPython,CPython
/wiki/Sintaxe,sintaxe
/wiki/Biblioteca_de_rotinas,biblioteca
/wiki/M%C3%B3dulo_de_um_programa,módulos
/wiki/Framework,frameworks
/wiki/Linguagem_de_programa%C3%A7%C3%A3o_de_alto_n%C3%ADvel,alto nível
/wiki/Linguagem_de_programa%C3%A7%C3%A3o_multiparadigma,multiparadigma
/wiki/CGI,CGIs
/wiki/Stack_Overflow,Stack Overflow
#cite_note-6,[6]
/wiki/RedMonk,RedMonk
#cite_note-7,[7]
/wiki/Reino_Unido,britânico
/wiki/Monty_Python,Monty Python
#cite_note-Computerworld-8,[8]
/wiki/Monty_Python,Monty Python's Flying Circus
/wiki/R%C3%A9ptil,réptil
/wiki/L%C3%ADngua_portuguesa,português
/wiki/P%C3%ADton,píton
/w/index.php?title=Python&veaction=edit&section=1,editar
/w/index.php?title=Python&action=edit&section=1,editar código-fonte
/wiki/Ficheiro:He_invented_Python.jpg,
/wiki/Guido_van_Rossum,Guido van Rossum
#cite_note-entrevista-venners-pt-1-5,[5]
#cite_note-Computerworld-8,[8]
/wiki/Guido_van_Rossum,Guido van Rossum
/wiki/Pa%C3%ADses_Baixos,Países Baixos
/wiki/ABC_(linguagem_de_programa%C3%A7%C3%A3o),ABC
/wiki/Tratamento_de_exce%C3%A7%C3%B5es,tratar exceções
/wiki/Sistema_operacional,sistema operacional
/wiki/Amoeba_(sistema_operacional),Amoeba
#cite_note-faq-criado-9,[9]
/wiki/Linguagem_de_script,scripts
/wiki/C_(linguagem_de_programa%C3%A7%C3%A3o),C
/wiki/Tempo_de_execu%C3%A7%C3%A3o,tempo de execução
#cite_note-Computerworld-8,[8]
#cite_note-svn-história-1,[1]
/wiki/Classe_(programa%C3%A7%C3%A3o),classes
/wiki/Heran%C3%A7a_(programa%C3%A7%C3%A3o),herança
/wiki/Sub-rotina,funções
/wiki/Tipo_de_dado,tipos de dado
/wiki/Lista,list
/wiki/Dicion%C3%A1rio,dict
/wiki/Cadeia_de_caracteres,str
/wiki/Modula-3,Modula-3
#cite_note-faq-criado-9,[9]
/wiki/Programa%C3%A7%C3%A3o_funcional,programação funcional
/wiki/C%C3%A1lculo_lambda,lambda
/wiki/Reston,Reston
/wiki/Estados_Unidos,Estados Unidos
/wiki/N%C3%BAmero_complexo,números complexos
/wiki/Encapsulamento,encapsulamento
#cite_note-10,[10]
/wiki/Programa%C3%A7%C3%A3o_de_computadores,programação
/wiki/DARPA,DARPA
#cite_note-11,[11]
/w/index.php?title=PythonLabs&action=edit&redlink=1,PythonLabs
/w/index.php?title=Digital_Creations&action=edit&redlink=1,Digital Creations
/wiki/List_comprehension,list comprehension
/wiki/SETL,SETL
/wiki/Haskell_(linguagem_de_programa%C3%A7%C3%A3o),Haskell
/wiki/Palavra_reservada,palavras reservadas
/wiki/Coletor_de_lixo_(inform%C3%A1tica),coletor de lixo
#cite_note-newin-2.0-12,[12]
/wiki/Virg%C3%ADnia,Virgínia
/wiki/Free_Software_Foundation,Free Software Foundation
/wiki/GNU_GPL,GNU GPL
#cite_note-história-lib-13,[13]
#cite_note-license-4,[4]
/wiki/Vers%C3%A3o_alfa,versão alfa
/wiki/Python_Software_Foundation,Python Software Foundation
/wiki/Organiza%C3%A7%C3%A3o_sem_fins_lucrativos,organização sem fins lucrativos
/wiki/Apache_Software_Foundation,Apache Software Foundation
#cite_note-história-lib-13,[13]
#cite_note-14,[14]
/wiki/C_(linguagem_de_programa%C3%A7%C3%A3o),C
#cite_note-15,[15]
/wiki/Generator_(ci%C3%AAncia_da_computa%C3%A7%C3%A3o),generator
/wiki/Icon_(linguagem_de_programa%C3%A7%C3%A3o),Icon
#cite_note-16,[16]
/wiki/Java_(linguagem_de_programa%C3%A7%C3%A3o),Java
#cite_note-17,[17]
#cite_note-18,[18]
/wiki/Analisador_sint%C3%A1tico,analisador sintático
/wiki/SAX,SAX
#cite_note-19,[19]
#cite_note-20,[20]
/wiki/Biblioteca_(computa%C3%A7%C3%A3o),bibliotecas
/wiki/Multiprocessamento,multiprocessamento
/wiki/JSON,JSON
/wiki/E/S,E/S
/wiki/Cadeia_de_caracteres,cadeias de caracteres
#cite_note-21,[21]
/wiki/Servidor_de_aplica%C3%A7%C3%A3o,servidores de aplicação
/wiki/Computa%C3%A7%C3%A3o_gr%C3%A1fica,computação gráfica
/wiki/Linguagem_de_script,linguagem de script
/wiki/OpenOffice,OpenOffice
/wiki/Blender,Blender
/wiki/Procedimento_armazenado_(banco_de_dados),procedimentos armazenados
/wiki/Sistema_gerenciador_de_banco_de_dados,sistema gerenciador de banco de dados
/wiki/PostgreSQL,PostgreSQL
#cite_note-22,[22]
#cite_note-23,[23]
#cite_note-Computerworld-8,[8]
/wiki/Vers%C3%A3o_alfa,versão alfa
/wiki/Palavra_reservada,palavra reservada
#cite_note-24,[24]
/wiki/Unicode,Unicode
/wiki/Cadeia_de_caracteres,cadeias de caracteres
#cite_note-25,[25]
/w/index.php?title=Python&veaction=edit&section=2,editar
/w/index.php?title=Python&action=edit&section=2,editar código-fonte
/wiki/Zen_of_Python,The Zen of Python
#cite_note-Zen-26,[26]
/wiki/Programador,programador
/wiki/Easter_egg,easter egg
/w/index.php?title=Python&veaction=edit&section=3,editar
/w/index.php?title=Python&action=edit&section=3,editar código-fonte
/wiki/Ficheiro:Python_3._The_standard_type_hierarchy.png,
/w/index.php?title=Python&veaction=edit&section=4,editar
/w/index.php?title=Python&action=edit&section=4,editar código-fonte
/wiki/Estrutura_de_sele%C3%A7%C3%A3o,estrutura de seleção
/wiki/Estrutura_de_repeti%C3%A7%C3%A3o,estrutura de repetição
/wiki/Classe_(programa%C3%A7%C3%A3o),classes
/wiki/Sub-rotina,sub-rotinas
/wiki/Exclus%C3%A3o_m%C3%BAtua,adquirir um recurso
/w/index.php?title=Python&veaction=edit&section=5,editar
/w/index.php?title=Python&action=edit&section=5,editar código-fonte
/wiki/C_(linguagem_de_programa%C3%A7%C3%A3o),C
/wiki/Perl,Perl
/wiki/Tipo_de_dado,tipos de dados
/wiki/Booleano,Booleano
/wiki/Ponto_flutuante,Ponto flutuante
/wiki/N%C3%BAmero_complexo,Número complexo
/wiki/Lista,Lista
/wiki/Tupla,Tupla
/wiki/Conjunto,Conjunto
/wiki/Ordena%C3%A7%C3%A3o_(computa%C3%A7%C3%A3o),não ordenado
/wiki/Cadeia_de_caracteres,cadeia de caracteres
/wiki/Classe_(programa%C3%A7%C3%A3o),classes
/wiki/Metaprograma%C3%A7%C3%A3o,metaprogramação
/wiki/Reflex%C3%A3o_(programa%C3%A7%C3%A3o),reflexão
/wiki/M%C3%A9todo_(programa%C3%A7%C3%A3o),Métodos
#cite_note-27,[27]
/w/index.php?title=Python&veaction=edit&section=6,editar
/w/index.php?title=Python&action=edit&section=6,editar código-fonte
/wiki/Palavra_reservada,palavras reservadas
#cite_note-28,[28]
#cite_note-keywordIn35-30,[note 1]
#cite_note-keywordIn35-30,[note 1]
#cite_note-becameKeywordIn3-31,[note 2]
#cite_note-keywordIn3-32,[note 3]
#cite_note-becameKeywordIn3-31,[note 2]
https://www.python.org/dev/peps/pep-0634/,PEP 634
/w/index.php?title=Python&veaction=edit&section=7,editar
/w/index.php?title=Python&action=edit&section=7,editar código-fonte
/w/index.php?title=Python&veaction=edit&section=8,editar
/w/index.php?title=Python&action=edit&section=8,editar código-fonte
/wiki/Compila%C3%A7%C3%A3o,compilação
#cite_note-33,[30]
/w/index.php?title=Python&veaction=edit&section=9,editar
/w/index.php?title=Python&action=edit&section=9,editar código-fonte
/wiki/Ficheiro:Python_script.svg,
/wiki/An%C3%A1lise_l%C3%A9xica,análise léxica
/wiki/An%C3%A1lise_sint%C3%A1tica_(computa%C3%A7%C3%A3o),analisador sintático
/wiki/Token,tokens
/wiki/LIFO,pilha
/wiki/Indenta%C3%A7%C3%A3o,indentação
/w/index.php?title=Python&veaction=edit&section=10,editar
/w/index.php?title=Python&action=edit&section=10,editar código-fonte
/wiki/Indenta%C3%A7%C3%A3o,indentação
/wiki/BASIC,BASIC
/wiki/Fortran,Fortran
/wiki/Pascal_(linguagem_de_programa%C3%A7%C3%A3o),Pascal
/wiki/Editor_de_texto,editor de texto
/wiki/An%C3%A1lise_l%C3%A9xica,análise léxica
/wiki/Ambiente_de_Desenvolvimento_Integrado,IDE
/wiki/Palavra_reservada,palavras reservadas
/wiki/Cadeia_de_caracteres,cadeias de caracteres
/w/index.php?title=Python&veaction=edit&section=11,editar
/w/index.php?title=Python&action=edit&section=11,editar código-fonte
/wiki/Compilador,compilar
/wiki/M%C3%A1quina_virtual,máquina virtual
/wiki/Bytecode,bytecode
/wiki/N%C3%BAcleo_(inform%C3%A1tica),núcleo
/wiki/Tempo_de_execu%C3%A7%C3%A3o,tempo de execução
/w/index.php?title=Python&veaction=edit&section=12,editar
/w/index.php?title=Python&action=edit&section=12,editar código-fonte
/wiki/Programa%C3%A7%C3%A3o_orientada_a_objeto,programação orientada a objeto
/wiki/Metaclasse,metaclasses
/wiki/Polimorfismo,polimorfismo
/wiki/Heran%C3%A7a_(programa%C3%A7%C3%A3o),herança
/wiki/Heran%C3%A7a_m%C3%BAltipla,herança múltipla
#cite_note-34,[31]
/w/index.php?title=Lista_de_exemplos_de_c%C3%B3digo_Python&action=edit&redlink=1,em anexo
/wiki/Encapsulamento,encapsulamento
/w/index.php?title=Lista_de_exemplos_de_c%C3%B3digo_Python&action=edit&redlink=1,em anexo
/w/index.php?title=Lista_de_exemplos_de_c%C3%B3digo_Python&action=edit&redlink=1,em anexo
/w/index.php?title=Python&veaction=edit&section=13,editar
/w/index.php?title=Python&action=edit&section=13,editar código-fonte
/wiki/List_comprehension,compreensão de listas
/wiki/Quicksort,quicksort
/w/index.php?title=Lista_de_exemplos_de_c%C3%B3digo_Python&action=edit&redlink=1,em anexo
/wiki/C%C3%A1lculo_Lambda,cálculo Lambda
/wiki/Clausura_(ci%C3%AAncia_da_computa%C3%A7%C3%A3o),clausuras léxicas
/w/index.php?title=Lista_de_exemplos_de_c%C3%B3digo_Python&action=edit&redlink=1,em anexo
/wiki/Generator_(ci%C3%AAncia_da_computa%C3%A7%C3%A3o),geradores
/wiki/Avalia%C3%A7%C3%A3o_pregui%C3%A7osa,avaliação preguiçosa
/w/index.php?title=Lista_de_exemplos_de_c%C3%B3digo_Python&action=edit&redlink=1,em anexo
/w/index.php?title=Python&veaction=edit&section=14,editar
/w/index.php?title=Python&action=edit&section=14,editar código-fonte
/wiki/Tratamento_de_exce%C3%A7%C3%B5es,tratamento de exceções
/wiki/Thread_(ci%C3%AAncia_da_computa%C3%A7%C3%A3o),threads
/wiki/Concorr%C3%AAncia_(inform%C3%A1tica),concorrência
#cite_note-35,[32]
/w/index.php?title=Python&veaction=edit&section=15,editar
/w/index.php?title=Python&action=edit&section=15,editar código-fonte
/wiki/Biblioteca_de_rotinas,biblioteca
#cite_note-36,[33]
/wiki/Internet,Internet
/wiki/Protocolo_(ci%C3%AAncia_da_computa%C3%A7%C3%A3o),protocolos
/wiki/MIME,MIME
/wiki/Hypertext_Transfer_Protocol,HTTP
/wiki/Interface_gr%C3%A1fica_do_utilizador,interfaces gráficas
/wiki/Banco_de_dados_relacional,bancos de dados relacionais
/wiki/Express%C3%A3o_regular,expressões regulares
/wiki/Web_Server_Gateway_Interface,WSGI
#cite_note-37,[34]
/w/index.php?title=Python&veaction=edit&section=16,editar
/w/index.php?title=Python&action=edit&section=16,editar código-fonte
https://en.wikipedia.org/wiki/Cython,Cython
https://en.wikipedia.org/wiki/SWIG,Swig
https://cffi.readthedocs.org/en/latest/,cffi
/wiki/Biblioteca_Boost,biblioteca Boost
/wiki/C%2B%2B,C++
/wiki/Fortran,Fortran
/w/index.php?title=Python&veaction=edit&section=17,editar
/w/index.php?title=Python&action=edit&section=17,editar código-fonte
/wiki/API,API
/w/index.php?title=Python&veaction=edit&section=18,editar
/w/index.php?title=Python&action=edit&section=18,editar código-fonte
/wiki/Plataforma_(inform%C3%A1tica),plataformas
/wiki/Unix,Unix
/wiki/Linux,Linux
/wiki/FreeBSD,FreeBSD
/wiki/Solaris_(sistema_operacional),Solaris
/wiki/MacOS_X,MacOS X
/wiki/Windows,Windows
/wiki/.NET,.NET
/wiki/MacOS,MacOS
/wiki/Nokia,Nokia
/wiki/PDA,palmtops
/wiki/Sistema_operacional,sistema operacional
/wiki/Compilador,compilador
/wiki/Bytecode,bytecode
/wiki/Multiplataforma,multiplataforma
/w/index.php?title=Python&veaction=edit&section=19,editar
/w/index.php?title=Python&action=edit&section=19,editar código-fonte
/wiki/CPython,CPython
/wiki/C_(linguagem_de_programa%C3%A7%C3%A3o),C
/wiki/C89,C89
#cite_note-38,[35]
/wiki/Microsoft_Windows,Microsoft Windows
/wiki/Unix-like,Unix-like
/w/index.php?title=Stackless_Python&action=edit&redlink=1,Stackless Python
/w/index.php?title=Microthread&action=edit&redlink=1,microthreads
/wiki/Multitarefa,multitarefa
/wiki/Thread_(ci%C3%AAncia_da_computa%C3%A7%C3%A3o),threads
/wiki/Jython,Jython
/wiki/Plataforma_Java,Plataforma Java
/wiki/IronPython,IronPython
/wiki/.NET,.NET
/wiki/Nokia,Nokia
/wiki/Telefone_celular,telefones celulares
/w/index.php?title=S60&action=edit&redlink=1,S60
/w/index.php?title=PyS60&action=edit&redlink=1,PyS60
/wiki/Symbian,Symbian
/wiki/Palm,Palm
/w/index.php?title=Pippy&action=edit&redlink=1,Pippy
/wiki/PyPy,PyPy
/wiki/Interpretador_de_comandos,interpretador de comandos
/wiki/Interatividade,interatividade
/w/index.php?title=Python&veaction=edit&section=20,editar
/w/index.php?title=Python&action=edit&section=20,editar código-fonte
/w/index.php?title=Justificativas_de_projeto&action=edit&redlink=1,justificativas de projeto
/wiki/Benevolent_Dictator_for_Life,Benevolent Dictator for Life
/w/index.php?title=Sistema_de_gerenciamento_de_erros&action=edit&redlink=1,gerenciador de erros
/w/index.php?title=Roundup_(gerenciador_de_erros)&action=edit&redlink=1,Roundup
/wiki/Subversion,svn
/w/index.php?title=Python&veaction=edit&section=21,editar
/w/index.php?title=Python&action=edit&section=21,editar código-fonte
/wiki/C%C3%B3digo_livre,livre
/wiki/Open_Source_Initiative,OSI
/wiki/GNU_General_Public_License,GPL
/wiki/C%C3%B3digo_fonte,código fonte
#cite_note-license-4,[4]
/w/index.php?title=Python&veaction=edit&section=22,editar
/w/index.php?title=Python&action=edit&section=22,editar código-fonte
/wiki/Biblioteca_de_rotinas,bibliotecas de funções especializadas
/wiki/Django_(framework_web),Django
/wiki/WWW,web
/wiki/Desenvolvimento_web,desenvolvimento web
/wiki/Pylons_(framework_web),Pylons
/wiki/WWW,web
/wiki/TurboGears_(framework_web),TurboGears
/wiki/Matplotlib,Matplotlib
/wiki/Processamento_de_imagem,processamento de imagem
/wiki/Python_Imaging_Library,Python Imaging Library
/wiki/Imagem_digital,imagens digitais
/w/index.php?title=PyOpenGL&action=edit&redlink=1,PyOpenGL
/wiki/Multiplataforma,multiplataforma
/wiki/OpenGL,OpenGL
/wiki/Computa%C3%A7%C3%A3o_gr%C3%A1fica,computação gráfica
/wiki/Pygame,Pygame
/wiki/Desenvolvimento_de_jogos_eletr%C3%B4nicos,desenvolvimento de jogos eletrônicos
/wiki/SDL_(biblioteca),SDL
/wiki/Desenvolvimento_de_jogos_eletr%C3%B4nicos,desenvolvimento de jogos eletrônicos
/wiki/Twisted,Twisted
/wiki/Servidor_web,servidor web
/wiki/Servidor_de_aplica%C3%A7%C3%A3o,de aplicação
/wiki/SSH,SSH
/wiki/Protocolo_(ci%C3%AAncia_da_computa%C3%A7%C3%A3o),protocolos
/wiki/Desenvolvimento_de_software,desenvolvimento de software
/w/index.php?title=PYRO&action=edit&redlink=1,PYRO
/wiki/Computa%C3%A7%C3%A3o_distribu%C3%ADda,sistemas distribuídos
/wiki/Computa%C3%A7%C3%A3o_distribu%C3%ADda,computação distribuída
/wiki/ZODB,ZODB
/wiki/Persist%C3%AAncia_de_dados,persistência
/wiki/Banco_de_dados_orientado_a_objetos,banco de dados orientado a objetos
/wiki/Banco_de_dados,banco de dados
/wiki/Plone,Plone
/wiki/Sistema_de_gerenciamento_de_conte%C3%BAdo,Sistema de gerenciamento de conteúdo
/wiki/CherryPy,CherryPy
/w/index.php?title=Web2py&action=edit&redlink=1,Web2py
/w/index.php?title=Visual_Python&action=edit&redlink=1,Visual Python
/wiki/SQLObject,SQLObject
/wiki/Mapeamento_objeto-relacional,Mapeador objeto-relacional
/wiki/Banco_de_dados,banco de dados
/w/index.php?title=Numarray&action=edit&redlink=1,Numarray
/wiki/Computa%C3%A7%C3%A3o_cient%C3%ADfica,computação científica
/wiki/Computa%C3%A7%C3%A3o_cient%C3%ADfica,computação científica
/w/index.php?title=Python&veaction=edit&section=23,editar
/w/index.php?title=Python&action=edit&section=23,editar código-fonte
/wiki/Biblioteca_de_rotinas,bibliotecas
/wiki/GUI,GUI
/wiki/Tkinter,Tkinter
/wiki/PyGTK,PyGTK
/wiki/GTK%2B,GTK+
/wiki/PyQt,PyQt
/wiki/Qt,Qt
/wiki/WxPython,wxPython
/wiki/WxWidgets,wxWidgets
/w/index.php?title=Etk&action=edit&redlink=1,Etk
/wiki/Enlightenment_Foundation_Libraries,EFL
/w/index.php?title=Wax_(inform%C3%A1tica)&action=edit&redlink=1,Wax
https://kivy.org/,Kivy
/wiki/Toolkit,Toolkit
/w/index.php?title=Python&veaction=edit&section=24,editar
/w/index.php?title=Python&action=edit&section=24,editar código-fonte
/wiki/Ambiente_de_desenvolvimento_integrado,ambientes de desenvolvimento integrado
/wiki/Plataforma_(inform%C3%A1tica),Plataforma
/wiki/Toolkit,Toolkit
/wiki/Licen%C3%A7a_de_Software,Licença
/wiki/IDLE,IDLE
/wiki/Guido_van_Rossum,Guido van Rossum
/wiki/CPython,CPython
/wiki/Multiplataforma,Multiplataforma
/wiki/Tkinter,Tkinter
/w/index.php?title=Python_Software_Foundation_License&action=edit&redlink=1,PSFL
/w/index.php?title=PyCharm&action=edit&redlink=1,PyCharm
/w/index.php?title=JetBrains&action=edit&redlink=1,JetBrains
/wiki/Plataforma_Java,Java
/wiki/Swing_(Java),Swing
/wiki/Licen%C3%A7a_Apache,Apache 2.0
/w/index.php?title=Komodo_Edit&action=edit&redlink=1,Komodo Edit
/w/index.php?title=ActiveState&action=edit&redlink=1,ActiveState
/wiki/Microsoft_Windows,Windows
/wiki/Linux,Linux
/wiki/MacOS,macOS
/wiki/XUL,XUL
/wiki/Licen%C3%A7a_p%C3%BAblica_Mozilla,MPL 1.1
/wiki/Atom_(editor_de_texto),Atom
/wiki/GitHub,GitHub
/wiki/Microsoft_Windows,Windows
/wiki/Linux,Linux
/wiki/MacOS,macOS
/wiki/Electron_(software),Electron
/wiki/Licen%C3%A7a_MIT,MIT
/w/index.php?title=GNOME_Builder&action=edit&redlink=1,GNOME Builder
/w/index.php?title=GNOME_Project&action=edit&redlink=1,GNOME Project
/wiki/Linux,Linux
/wiki/GTK,GTK
/wiki/GNU_General_Public_License,GNU GPLv3+
/w/index.php?title=Pyzo&action=edit&redlink=1,Pyzo
/wiki/Multiplataforma,Multiplataforma
/wiki/PyQt,PyQt
/wiki/Licen%C3%A7a_BSD,BSD
/w/index.php?title=Boa_Constructor&action=edit&redlink=1,Boa Constructor
/wiki/WxPython,wxPython
/wiki/GNU_General_Public_License,GNU GPL
/wiki/Eric_Python_IDE,Eric Python IDE
/wiki/Qt,Qt
/wiki/GNU_General_Public_License,GNU GPL
/wiki/Geany,Geany
/wiki/GTK%2B,GTK2
/wiki/GNU_General_Public_License,GNU GPL
/w/index.php?title=IronPython_Studio&action=edit&redlink=1,IronPython Studio
/wiki/Windows,Windows
/wiki/Visual_Studio,VS2008
/w/index.php?title=Microsoft_Public_License&action=edit&redlink=1,Microsoft Public License
/w/index.php?title=PyDev&action=edit&redlink=1,PyDev
/wiki/Eclipse_(software),Eclipse
/wiki/Plataforma_Java,Java
/wiki/Standard_Widget_Toolkit,SWT
/w/index.php?title=Eclipse_Public_License&action=edit&redlink=1,EPL
/wiki/PythonCard,PythonCard
/wiki/Multiplataforma,Multiplataforma
/wiki/WxPython,wxPython
/wiki/Licen%C3%A7a_BSD,BSD
/w/index.php?title=PyScripter&action=edit&redlink=1,PyScripter
/wiki/Windows,Windows
/wiki/Licen%C3%A7a_MIT,MIT
/w/index.php?title=Stani%27s_Python_Editor&action=edit&redlink=1,Stani's Python Editor
/wiki/WxPython,wxPython
/wiki/GNU_General_Public_License,GNU GPL
https://github.com/spyder-ide/spyder,Spyder
https://groups.google.com/group/spyderlib,Spyder developer community
/wiki/Microsoft_Windows,Windows
/wiki/Linux,Linux
/wiki/MacOS,macOS
/wiki/PyQt,PyQt
/wiki/Licen%C3%A7a_MIT,MIT
/w/index.php?title=Wing_IDE&action=edit&redlink=1,Wing IDE
/wiki/Microsoft_Windows,Windows
/wiki/Linux,Linux
/wiki/MacOS,macOS
/wiki/PyGTK,PyGTK
/wiki/Software_propriet%C3%A1rio,Proprietário
/w/index.php?title=Python&veaction=edit&section=25,editar
/w/index.php?title=Python&action=edit&section=25,editar código-fonte
/wiki/Servidor_de_aplica%C3%A7%C3%A3o,servidor de aplicação
/wiki/Zope,Zope
/wiki/Mnet,Mnet
/wiki/YouTube,YouTube
/wiki/BitTorrent,BitTorrent
/wiki/Google,Google
#cite_note-39,[36]
/wiki/Crawler,crawlers
/wiki/Yahoo!,Yahoo!
/wiki/NASA,NASA
#cite_note-40,[37]
/wiki/Air_Canada,Air Canada
#cite_note-41,[38]
/wiki/Seguran%C3%A7a_da_informa%C3%A7%C3%A3o,segurança da informação
/wiki/Maya_(software),Maya
#cite_note-42,[39]
/wiki/Autodesk_Softimage,Autodesk Softimage
/wiki/TrueSpace,TrueSpace
/wiki/Blender,Blender
#cite_note-43,[40]
/wiki/GIMP,GIMP
#cite_note-44,[41]
/wiki/Linux,Linux
/wiki/Red_Hat_Linux,Red Hat Linux
/wiki/Plone,Plone
/wiki/Sistema_de_gerenciamento_de_conte%C3%BAdo,sistema de gerenciamento de conteúdo
/wiki/Industrial_Light_%26_Magic,Industrial Light & Magic
#cite_note-45,[42]
/wiki/Star_Wars,Star Wars
/wiki/Computa%C3%A7%C3%A3o_gr%C3%A1fica,computação gráfica
/w/index.php?title=Python&veaction=edit&section=26,editar
/w/index.php?title=Python&action=edit&section=26,editar código-fonte
/wiki/Django_(framework_web),Django (framework web)
/wiki/Flask_(framework_web),Flask (framework web)
/wiki/Perl,Perl
/wiki/Ruby_(linguagem_de_programa%C3%A7%C3%A3o),Ruby (linguagem de programação)
#cite_ref-svn-história_1-0,a
#cite_ref-svn-história_1-1,b
#cite_ref-svn-história_1-2,c
#cite_ref-svn-história_1-3,d
https://web.archive.org/web/20160217132249/http://svn.python.org/view/*checkout*/python/trunk/Misc/HISTORY,«HISTORY»
/wiki/L%C3%ADngua_inglesa,inglês
/wiki/Python_Software_Foundation,Python Software Foundation
http://svn.python.org/view/*checkout*/python/trunk/Misc/HISTORY,original
/wiki/Categoria:!CS1_manut:_L%C3%ADngua_n%C3%A3o_reconhecida,link
#cite_ref-2,↑
https://www.python.org/downloads/release/python-3113/,«Python 3.11.3»
#cite_ref-influências_3-0,a
#cite_ref-influências_3-1,b
#cite_ref-influências_3-2,c
https://www.python.org/doc/essays/foreword/,«Foreword for "Programming Python" (1st ed.)»
/wiki/Python_Software_Foundation,Python Software Foundation
#cite_ref-license_4-0,a
#cite_ref-license_4-1,b
#cite_ref-license_4-2,c
https://docs.python.org/3/license.html,«History and License»
/wiki/Python_Software_Foundation,Python Software Foundation
#cite_ref-entrevista-venners-pt-1_5-0,a
#cite_ref-entrevista-venners-pt-1_5-1,b
http://www.artima.com/intv/pythonP.html,«The Making of Python»
/wiki/L%C3%ADngua_inglesa,inglês
/wiki/Categoria:!CS1_manut:_L%C3%ADngua_n%C3%A3o_reconhecida,link
#cite_ref-6,↑
https://insights.stackoverflow.com/survey/2018#technology-most-loved-dreaded-and-wanted-languages,«Stack Overflow Developer Survey 2018»
/wiki/Stack_Overflow,Stack Overflow
#cite_ref-7,↑
https://redmonk.com/sogrady/2018/03/07/language-rankings-1-18/,«The RedMonk Programming Language Rankings: January 2018»
/wiki/RedMonk,RedMonk
#cite_ref-Computerworld_8-0,a
#cite_ref-Computerworld_8-1,b
#cite_ref-Computerworld_8-2,c
#cite_ref-Computerworld_8-3,d
http://www.computerworld.com.au/article/255835/a-z_programming_languages_python/?fp=4194304&fpid=1&pf=1,«The A-Z of Programming Languages: Python»
#cite_ref-faq-criado_9-0,a
#cite_ref-faq-criado_9-1,b
https://docs.python.org/faq/general#why-was-python-created-in-the-first-place,«Why was Python created in the first place?»
/wiki/L%C3%ADngua_inglesa,inglês
/wiki/Categoria:!CS1_manut:_L%C3%ADngua_n%C3%A3o_reconhecida,link
#cite_ref-10,↑
https://web.archive.org/web/20070501080219/http://www.amk.ca/python/writing/12-14,«LJ #37: Python 1.4 Update»
/wiki/L%C3%ADngua_inglesa,inglês
http://www.amk.ca/python/writing/12-14,original
/wiki/Categoria:!CS1_manut:_L%C3%ADngua_n%C3%A3o_reconhecida,link
#cite_ref-11,↑
https://web.archive.org/web/20090223101648/http://python.org/doc/essays/cp4e.html,«Computer Programming for Everybody»
/wiki/L%C3%ADngua_inglesa,inglês
https://www.python.org/doc/essays/cp4e.html,original
/wiki/Categoria:!CS1_manut:_L%C3%ADngua_n%C3%A3o_reconhecida,link
#cite_ref-newin-2.0_12-0,↑
https://web.archive.org/web/20091214142515/http://www.amk.ca/python/2.0,«What's New in Python 2.0»
/wiki/L%C3%ADngua_inglesa,inglês
http://www.amk.ca/python/2.0/,original
/wiki/Categoria:!CS1_manut:_L%C3%ADngua_n%C3%A3o_reconhecida,link
#cite_ref-história-lib_13-0,a
#cite_ref-história-lib_13-1,b
https://docs.python.org/release/2.5/lib/node951.html,«History of the software»
/wiki/L%C3%ADngua_inglesa,inglês
/wiki/Categoria:!CS1_manut:_L%C3%ADngua_n%C3%A3o_reconhecida,link
#cite_ref-14,↑
https://www.python.org/dev/peps/pep-0227/,«Statically Nested Scopes»
/wiki/L%C3%ADngua_inglesa,inglês
/wiki/Categoria:!CS1_manut:_L%C3%ADngua_n%C3%A3o_reconhecida,link
#cite_ref-15,↑
https://docs.python.org/release/2.2.3/whatsnew/sect-rellinks.html,«2 PEPs 252 and 253: Type and Class Changes»
/wiki/L%C3%ADngua_inglesa,inglês
/wiki/Python_Software_Foundation,Python Software Foundation
/wiki/Categoria:!CS1_manut:_L%C3%ADngua_n%C3%A3o_reconhecida,link
#cite_ref-16,↑
https://docs.python.org/release/2.2.3/whatsnew/node5.html,«4 PEP 255: Simple Generators»
/wiki/L%C3%ADngua_inglesa,inglês
/wiki/Python_Software_Foundation,Python Software Foundation
/wiki/Categoria:!CS1_manut:_L%C3%ADngua_n%C3%A3o_reconhecida,link
#cite_ref-17,↑
https://www.python.org/dev/peps/pep-0282/,«PEP 282 - A Logging System»
/wiki/L%C3%ADngua_inglesa,inglês
/wiki/Python_Software_Foundation,Python Software Foundation
/wiki/Categoria:!CS1_manut:_L%C3%ADngua_n%C3%A3o_reconhecida,link
#cite_ref-18,↑
https://docs.python.org/release/2.3/whatsnew/node9.html,«8 PEP 282: The logging Package»
/wiki/L%C3%ADngua_inglesa,inglês
/wiki/Python_Software_Foundation,Python Software Foundation
/wiki/Categoria:!CS1_manut:_L%C3%ADngua_n%C3%A3o_reconhecida,link
#cite_ref-19,↑
https://www.python.org/dev/peps/pep-0318/,«PEP 318 - Decorators for Functions and Methods»
/wiki/L%C3%ADngua_inglesa,inglês
/wiki/Python_Software_Foundation,Python Software Foundation
/wiki/Categoria:!CS1_manut:_L%C3%ADngua_n%C3%A3o_reconhecida,link
#cite_ref-20,↑
https://docs.python.org/release/2.4/whatsnew/node6.html,«5 PEP 318: Decorators for Functions and Methods»
/wiki/L%C3%ADngua_inglesa,inglês
/wiki/Python_Software_Foundation,Python Software Foundation
/wiki/Categoria:!CS1_manut:_L%C3%ADngua_n%C3%A3o_reconhecida,link
#cite_ref-21,↑
https://docs.python.org/whatsnew/2.6.html,«What's New in Python 2.6»
/wiki/L%C3%ADngua_inglesa,inglês
/wiki/Python_Software_Foundation,Python Software Foundation
/wiki/Categoria:!CS1_manut:_L%C3%ADngua_n%C3%A3o_reconhecida,link
#cite_ref-22,↑
https://www.python.org/download/releases/3.0/,«Python 3.0 Release»
/wiki/L%C3%ADngua_inglesa,inglês
/wiki/Python_Software_Foundation,Python Software Foundation
/wiki/Categoria:!CS1_manut:_L%C3%ADngua_n%C3%A3o_reconhecida,link
#cite_ref-23,↑
http://www.itnews.com.au/News/69326,breaking-the-python-code.aspx,«Python 3.0 to be backwards incompatible»
/wiki/L%C3%ADngua_inglesa,inglês
/wiki/Categoria:!CS1_manut:_L%C3%ADngua_n%C3%A3o_reconhecida,link
#cite_ref-24,↑
https://www.python.org/dev/peps/pep-3105/,«Make print a function»
/wiki/L%C3%ADngua_inglesa,inglês
/wiki/Categoria:!CS1_manut:_L%C3%ADngua_n%C3%A3o_reconhecida,link
#cite_ref-25,↑
https://blog.caelum.com.br/quais-as-diferencas-entre-python-2-e-python-3/,«Diferenças entre Python 2 e Python 3»
#cite_ref-Zen_26-0,↑
https://www.python.org/dev/peps/pep-0020/,«PEP 20 - The Zen of Python»
/wiki/L%C3%ADngua_inglesa,inglês
/wiki/Categoria:!CS1_manut:_L%C3%ADngua_n%C3%A3o_reconhecida,link
#cite_ref-27,↑
https://docs.python.org/tutorial/classes.html#random-remarks,«Classes — Random Remarks»
/wiki/L%C3%ADngua_inglesa,inglês
/wiki/Python_Software_Foundation,Python Software Foundation
/wiki/Categoria:!CS1_manut:_L%C3%ADngua_n%C3%A3o_reconhecida,link
#cite_ref-28,↑
/wiki/International_Standard_Book_Number,ISBN
/wiki/Especial:Fontes_de_livros/9788575225080,9788575225080
#cite_ref-29,↑
https://docs.python.org/3/whatsnew/3.5.html#new-keywords,«New Keywords»
https://web.archive.org/web/20160618215313/https://docs.python.org/3//whatsnew/3.5.html#new-keywords,Cópia arquivada em 18 de junho de 2016
/wiki/Ajuda:Erros_nas_refer%C3%AAncias#parameter_ignored,ajuda
#cite_ref-33,↑
https://docs.python.org/release/3.0/whatsnew/3.0.html,«What's New In Python 3.0»
/wiki/Python_Software_Foundation,Python Software Foundation
#cite_ref-34,↑
https://www.python.org/download/releases/2.3/mro/,«The Python 2.3 Method Resolution Order»
/wiki/L%C3%ADngua_inglesa,inglês
/wiki/Python_Software_Foundation,Python Software Foundation
/wiki/Categoria:!CS1_manut:_L%C3%ADngua_n%C3%A3o_reconhecida,link
#cite_ref-35,↑
https://web.archive.org/web/20070929122422/http://mail.python.org/pipermail/python-list/2003-May/205182.html,«EAFP vs LBYL (was Re: A little disappointed so far)»
http://mail.python.org/pipermail/python-list/2003-May/205182.html,original
#cite_ref-36,↑
http://www.oracle.com/technology/pub/articles/piotrowski-pythoncore.html,«Build a Rapid Web Development Environment for Python Server Pages and Oracle»
/wiki/L%C3%ADngua_inglesa,inglês
/wiki/Oracle,Oracle
/wiki/Categoria:!CS1_manut:_L%C3%ADngua_n%C3%A3o_reconhecida,link
#cite_ref-37,↑
https://www.python.org/dev/peps/pep-0333/,«PEP 333 -- Python Web Server Gateway Interface v1.0»
/wiki/L%C3%ADngua_inglesa,inglês
/wiki/Python_Software_Foundation,Python Software Foundation
/wiki/Categoria:!CS1_manut:_L%C3%ADngua_n%C3%A3o_reconhecida,link
#cite_ref-38,↑
https://www.python.org/dev/peps/pep-0007/,«PEP 7 -- Style Guide for C Code»
/wiki/L%C3%ADngua_inglesa,inglês
/wiki/Python_Software_Foundation,Python Software Foundation
/wiki/Categoria:!CS1_manut:_L%C3%ADngua_n%C3%A3o_reconhecida,link
#cite_ref-39,↑
https://python.org/about/quotes/,«Quotes about Python»
/wiki/L%C3%ADngua_inglesa,inglês
/wiki/Python_Software_Foundation,Python Software Foundation
/wiki/Categoria:!CS1_manut:_L%C3%ADngua_n%C3%A3o_reconhecida,link
#cite_ref-40,↑
https://www.python.org/about/success/usa/,«Python Streamlines Space Shuttle Mission Design»
/wiki/L%C3%ADngua_inglesa,inglês
/wiki/Python_Software_Foundation,Python Software Foundation
/wiki/Categoria:!CS1_manut:_L%C3%ADngua_n%C3%A3o_reconhecida,link
#cite_ref-41,↑
http://www.eweek.com/c/a/Application-Development/Python-Slithers-into-Systems/,«Python Slithers into Systems»
/wiki/L%C3%ADngua_inglesa,inglês
/wiki/Categoria:!CS1_manut:_L%C3%ADngua_n%C3%A3o_reconhecida,link
#cite_ref-42,↑
http://www.autodesk.com/us/maya/docs/Maya85/wwhelp/wwhimpl/common/html/wwhelp.htm?context=DeveloperResources&file=Introduction_to_Maya_Python_API.html,«Introduction to Maya Python API»
/wiki/L%C3%ADngua_inglesa,inglês
/wiki/Autodesk,Autodesk
/wiki/Categoria:!CS1_manut:_L%C3%ADngua_n%C3%A3o_reconhecida,link
#cite_ref-43,↑
https://web.archive.org/web/20120618153326/http://wiki.blender.org/index.php/Extensions:Py/Scripts,«Python Scripts»
/wiki/L%C3%ADngua_inglesa,inglês
/wiki/Blender,Blender
http://wiki.blender.org/index.php/Extensions:Py/Scripts,original
/wiki/Categoria:!CS1_manut:_L%C3%ADngua_n%C3%A3o_reconhecida,link
#cite_ref-44,↑
http://www.gimp.org/docs/python/index.html,«GIMP Python Documentation»
/wiki/L%C3%ADngua_inglesa,inglês
/wiki/GIMP,GIMP
/wiki/Categoria:!CS1_manut:_L%C3%ADngua_n%C3%A3o_reconhecida,link
#cite_ref-45,↑
http://www.linuxjournal.com/article/6011,«Industrial Light & Magic»
/wiki/L%C3%ADngua_inglesa,inglês
/wiki/Categoria:!CS1_manut:_L%C3%ADngua_n%C3%A3o_reconhecida,link
/w/index.php?title=Python&veaction=edit&section=27,editar
/w/index.php?title=Python&action=edit&section=27,editar código-fonte
http://diveintopython.net,Dive into Python
/wiki/International_Standard_Book_Number,ISBN
/wiki/Especial:Fontes_de_livros/978-1-5905-9356-1,978-1-5905-9356-1
/wiki/Ajuda:Erros_nas_refer%C3%AAncias#deprecated_params,ajuda
http://www.diveinto.org/python3/,Dive into Python 3
/wiki/International_Standard_Book_Number,ISBN
/wiki/Especial:Fontes_de_livros/978-1-4302-2415-0,978-1-4302-2415-0
/wiki/Ajuda:Erros_nas_refer%C3%AAncias#deprecated_params,ajuda
http://shop.oreilly.com/product/0636920025696.do,Think Python
/wiki/International_Standard_Book_Number,ISBN
/wiki/Especial:Fontes_de_livros/978-1-4493-3072-9,978-1-4493-3072-9
/wiki/Ajuda:Erros_nas_refer%C3%AAncias#deprecated_params,ajuda
http://shop.oreilly.com/product/0636920028154.do,Learning Python
/wiki/International_Standard_Book_Number,ISBN
/wiki/Especial:Fontes_de_livros/978-1-4493-5573-9,978-1-4493-5573-9
/wiki/Ajuda:Erros_nas_refer%C3%AAncias#deprecated_params,ajuda
http://shop.oreilly.com/product/9780596158118.do,Programming Python
/wiki/International_Standard_Book_Number,ISBN
/wiki/Especial:Fontes_de_livros/978-0-596-15810-1,978-0-596-15810-1
/wiki/Ajuda:Erros_nas_refer%C3%AAncias#deprecated_params,ajuda
http://shop.oreilly.com/product/0636920027072.do,Python Cookbook
/wiki/International_Standard_Book_Number,ISBN
/wiki/Especial:Fontes_de_livros/978-1-4493-4037-7,978-1-4493-4037-7
/wiki/Ajuda:Erros_nas_refer%C3%AAncias#deprecated_params,ajuda
/w/index.php?title=Python&veaction=edit&section=28,editar
/w/index.php?title=Python&action=edit&section=28,editar código-fonte
/wiki/Wikimedia,Wikimedia
https://pt.wiktionary.org/wiki/Special:Search/Python,
https://pt.wiktionary.org/wiki/Special:Search/Python,Definições
https://pt.wiktionary.org/wiki/P%C3%A1gina_principal,Wikcionário
https://pt.wikibooks.org/wiki/Special:Search/Python,
https://pt.wikibooks.org/wiki/Special:Search/Python,Livros e manuais
https://pt.wikibooks.org/wiki/P%C3%A1gina_principal,Wikilivros
https://pt.wikiquote.org/wiki/Special:Search/Python,
https://pt.wikiquote.org/wiki/Special:Search/Python,Citações
https://pt.wikiquote.org/wiki/P%C3%A1gina_principal,Wikiquote
https://commons.wikimedia.org/wiki/Special:Search/Category:Python_(programming_language),
https://commons.wikimedia.org/wiki/Special:Search/Category:Python_(programming_language),Categoria
https://commons.wikimedia.org/wiki/P%C3%A1gina_principal,Commons
https://commons.wikimedia.org/wiki/Special:Search/Category:Python_(programming_language),Commons
https://pt.wikiquote.org/wiki/Special:Search/Python,Wikiquote
https://pt.wikibooks.org/wiki/Special:Search/Python,Wikilivros
https://pt.wiktionary.org/wiki/Special:Search/Python,Wikcionário
https://www.python.org/,Sítio oficial
https://github.com/python/cpython,Python
/wiki/GitHub,GitHub
https://www.python.org.br/,«Wiki da comunidade brasileira de usuários»
https://python.pt/,«Site da comunidade portuguesa de usuários»
https://dmoztools.net/Computers/Programming/Languages/Python,Python
/wiki/DMOZ,DMOZ
/wiki/Predefini%C3%A7%C3%A3o:Linguagens_de_programa%C3%A7%C3%A3o,v
/wiki/Predefini%C3%A7%C3%A3o_Discuss%C3%A3o:Linguagens_de_programa%C3%A7%C3%A3o,d
https://pt.wikipedia.org/w/index.php?title=Predefini%C3%A7%C3%A3o:Linguagens_de_programa%C3%A7%C3%A3o&action=edit,e
/wiki/Linguagem_de_programa%C3%A7%C3%A3o,Linguagens de programação
/wiki/Linguagem_de_programa%C3%A7%C3%A3o_esot%C3%A9rica,Esotéricas
/wiki/Compara%C3%A7%C3%A3o_entre_linguagens_de_programa%C3%A7%C3%A3o,Comparação
/wiki/Hist%C3%B3ria_das_linguagens_de_programa%C3%A7%C3%A3o,História
/wiki/Turing_completude,Turing completude
/wiki/Programa_Ol%C3%A1_Mundo,Programa Olá Mundo
/wiki/Algoritmo_de_Trabb_Pardo-Knuth,Algoritmo TPK
/wiki/Quine_(inform%C3%A1tica),Quine
/wiki/Ada_(linguagem_de_programa%C3%A7%C3%A3o),Ada
/wiki/Linguagem_assembly,Assembly
/wiki/BASIC,BASIC
/wiki/C_(linguagem_de_programa%C3%A7%C3%A3o),C
/wiki/C%2B%2B,C++
/wiki/C_Sharp,C#
/wiki/COBOL,COBOL
/wiki/Dart_(linguagem_de_programa%C3%A7%C3%A3o),Dart
/wiki/Elixir_(linguagem_de_programa%C3%A7%C3%A3o),Elixir
/wiki/Erlang_(linguagem_de_programa%C3%A7%C3%A3o),Erlang
/wiki/Fortran,Fortran
/wiki/Go_(linguagem_de_programa%C3%A7%C3%A3o),Go
/wiki/Haskell_(linguagem_de_programa%C3%A7%C3%A3o),Haskell
/wiki/Java_(linguagem_de_programa%C3%A7%C3%A3o),Java
/wiki/JavaScript,JavaScript
/wiki/Julia_(linguagem_de_programa%C3%A7%C3%A3o),Julia
/wiki/Kotlin,Kotlin
/wiki/Lisp,Lisp
/wiki/Lua_(linguagem_de_programa%C3%A7%C3%A3o),Lua
/wiki/ML_(linguagem_de_programa%C3%A7%C3%A3o),ML
/wiki/Pascal_(linguagem_de_programa%C3%A7%C3%A3o),Pascal
/wiki/Perl,Perl
/wiki/PHP,PHP
Python
/wiki/R_(linguagem_de_programa%C3%A7%C3%A3o),R
/wiki/Ruby_(linguagem_de_programa%C3%A7%C3%A3o),Ruby
/wiki/Rust_(linguagem_de_programa%C3%A7%C3%A3o),Rust
/wiki/Scala_(linguagem_de_programa%C3%A7%C3%A3o),Scala
/wiki/Shell_script,Shell
/wiki/Smalltalk,Smalltalk
/wiki/SQL,SQL
/wiki/Swift_(linguagem_de_programa%C3%A7%C3%A3o),Swift
/wiki/Lista_de_linguagens_de_programa%C3%A7%C3%A3o,mais...
/wiki/Categoria:Linguagens_de_programa%C3%A7%C3%A3o,Categoria
/wiki/Lista_de_linguagens_de_programa%C3%A7%C3%A3o,Lista
/wiki/Ajuda:Controle_de_autoridade,Controle de autoridade
https://www.wikidata.org/wiki/Wikidata:Main_Page,
https://www.wikidata.org/wiki/Q28865,Q28865
/wiki/Biblioteca_Nacional_da_Fran%C3%A7a,BNF
https://catalogue.bnf.fr/ark:/12148/cb13560465c,13560465c
/wiki/Faceted_Application_of_Subject_Terminology,FAST
http://id.worldcat.org/fast/1084736,1084736
/wiki/Gemeinsame_Normdatei,GND
https://d-nb.info/gnd/4434275-5,4434275-5
/wiki/N%C3%BAmero_de_controle_da_Biblioteca_do_Congresso,LCCN
https://id.loc.gov/authorities/sh96008834,sh96008834
/wiki/Biblioteca_T%C3%A9cnica_Nacional_de_Praga,PSH
https://psh.techlib.cz/skos/PSH13861,13861
/wiki/Sistema_Universit%C3%A1rio_de_Documenta%C3%A7%C3%A3o,SUDOC
https://www.idref.fr/051626225,051626225
https://pt.wikipedia.org/w/index.php?title=Python&oldid=66325205,https://pt.wikipedia.org/w/index.php?title=Python&oldid=66325205
/wiki/Especial:Categorias,Categorias
/wiki/Categoria:Linguagens_de_programa%C3%A7%C3%A3o_orientadas_a_objetos,Linguagens de programação orientadas a objetos
/wiki/Categoria:Linguagens_de_programa%C3%A7%C3%A3o_baseadas_em_classes,Linguagens de programação baseadas em classes
/wiki/Categoria:Linguagens_de_script,Linguagens de script
/wiki/Categoria:Linguagens_interpretadas,Linguagens interpretadas
/wiki/Categoria:Compiladores_e_interpretadores_livres,Compiladores e interpretadores livres
/wiki/Categoria:Python,Python
/wiki/Categoria:Linguagens_de_programa%C3%A7%C3%A3o_criadas_em_1991,Linguagens de programação criadas em 1991
/wiki/Categoria:Inven%C3%A7%C3%B5es_dos_Pa%C3%ADses_Baixos,Invenções dos Países Baixos
/wiki/Categoria:Software_livre_multiplataforma,Software livre multiplataforma
/wiki/Categoria:!CS1_manut:_L%C3%ADngua_n%C3%A3o_reconhecida,!CS1 manut: Língua não reconhecida
/wiki/Categoria:!CS1_ingl%C3%AAs-fontes_em_l%C3%ADngua_(en),!CS1 inglês-fontes em língua (en)
/wiki/Categoria:!P%C3%A1ginas_com_cita%C3%A7%C3%B5es_usando_par%C3%A2metros_sem_suporte,!Páginas com citações usando parâmetros sem suporte
/wiki/Categoria:!Artigos_bons_na_Wikip%C3%A9dia_em_%C3%A1rabe,!Artigos bons na Wikipédia em árabe
/wiki/Categoria:!Artigos_bons_na_Wikip%C3%A9dia_em_alem%C3%A3o,!Artigos bons na Wikipédia em alemão
/wiki/Categoria:!P%C3%A1ginas_que_usam_refer%C3%AAncias_com_par%C3%A2metros_obsoletas,!Páginas que usam referências com parâmetros obsoletas
/wiki/Categoria:!P%C3%A1ginas_com_erros_em_refer%C3%AAncias,!Páginas com erros em referências
https://creativecommons.org/licenses/by-sa/4.0/deed.pt,Atribuição-CompartilhaIgual 4.0 Internacional (CC BY-SA 4.0) da Creative Commons
https://foundation.wikimedia.org/wiki/Special:MyLanguage/Policy:Terms_of_Use,condições de utilização
https://foundation.wikimedia.org/wiki/Special:MyLanguage/Policy:Privacy_policy/pt-br,Política de privacidade
/wiki/Wikip%C3%A9dia:Sobre,Sobre a Wikipédia
/wiki/Wikip%C3%A9dia:Aviso_geral,Avisos gerais
https://foundation.wikimedia.org/wiki/Special:MyLanguage/Universal_Code_of_Conduct,Código de conduta
//pt.m.wikipedia.org/w/index.php?title=Python&mobileaction=toggle_view_mobile,Versão móvel
https://developer.wikimedia.org,Programadores
https://stats.wikimedia.org/#/pt.wikipedia.org,Estatísticas
https://foundation.wikimedia.org/wiki/Special:MyLanguage/Policy:Cookie_statement,Declaração sobre ''cookies''
https://wikimediafoundation.org/,
https://www.mediawiki.org/,